ContentId,Content
b8dda668-7a44-4e4c-8594-e936c5c5d9e6,特征
13f52dcc-18c3-44ba-8fc4-479e24c9ab94,功能
9ec11cd8-f43a-4661-8de2-849193240dda,资源
146df886-a0f1-4ca3-8f9d-2264d7a18ea3,关于我们
6d367e02-9d17-4974-9a1e-3947fb27695e,免费试用
02e6038b-0319-4f47-ba37-1be743d3101b,"<span class=""mat-icon text-2xl"">菜单</span>"
f4db0547-3a97-4fe6-930a-c6b23527d907,"<span class=""mat-icon text-2xl"">关闭</span>"
f280f94a-2d04-486e-9313-487664032160,特征
14ade864-cb63-4f59-a034-fd7749340f59,功能
1ce77e73-7f8c-40a8-a71b-60b767cdf41e,资源
400dd4bc-c7ef-4623-8a42-f442296e8139,关于我们
2537a218-ac46-435d-ad23-7f856bfb4154,NX X Essentials
0ea12da8-50cc-4d3c-b44f-48fc03786cb2,基于浏览器的基本 NX CAD、CAM 和 CAE 工具。无需任何转换即可随时随地创建和编辑 NX 数据，畅享轻量化体验。   <br><br>立即请求提供更多信息，或开启免费 30 天云试用。
f2cdcb98-a649-42d9-869b-0b8fcd2510c8,30 天免费试用
74d55458-f947-4235-a815-bed92400e6fb,获取免费演示
28acec47-a61b-47b9-8a87-0b656e793427,电话
6fab7fdd-84a3-4693-8c6a-2812089a0ab4,联系电话：{consumer:FPersonalize_Contact_Phonenumber}
8d579e1a-7a15-41fc-85aa-0c657121c03c,开始免费 30 天软件试用
90f0554c-ec0e-417d-8aa1-b5291200fa2e,解锁 NX X Essentials 的强大功能
e7e21834-e6da-407c-a4f1-0b5d4cac96d6,该解决方案支持在任意设备上进行创建、编辑和协作，让您随时随地自由设计。提高产品设计效率，降低成本，节省时间，从而在激烈的市场竞争中保持领先。
9755a211-b5ce-49e3-a58a-70a75caa8cbb,NX X Essentials 逐步简化了设计流程，从最初的概念到最终的生产，赋能您的团队自信、敏捷地开拓创新。借助 NX X Essentials，您可以完善设计概念、实现跨团队协作并轻松访问各部门的工程数据。
154e8d29-2537-4ada-9e31-2926e257561a,下载产品资料
13bdbe29-0c1a-437f-9633-3d5af1f4c4b3,为什么选择 NX X Essentials？
f9e44e37-2a0d-4c4f-8aee-ae1855c984dc,随时随地设计，不限设备
bd665cc8-c302-4fb9-9274-e8d61cee9a34,借助简便的 CAD、CAM 和 CAE 工具、基于权限的在线项目和云文件共享，您可以在任意设备上创建和修改设计。
0265b6af-eabc-46fc-a825-911350bdd2d1,unfold_more
ac5d2523-9ce2-47d7-93e6-fcbd9b0c944d,可随您业务扩展的集成工具
d7429720-a7af-4b24-aaa6-4f9bb498a30c,通过对设计方案进行虚拟测试，降低 CAM G 代码创建和报价管理沟通环节的风险。即时访问所需的工具。
bd6764d0-8df9-4d8f-ba14-bf9e888fa5d5,unfold_more
81c9a8c0-5e6b-406e-94dd-f242c435ad3c,经济高效地访问各种功能
499b53ed-a9a2-4334-899a-53b0790b0b62,通过浏览器访问各种简便工具，以合理价格享用丰富功能，充分满足您的业务需求。
e3400459-d22b-41ca-bae7-b729dc50490b,下载产品资料
cb5a655c-697f-4abe-9fd9-11fcf8cb995a,申请 30 天免费试用
577ae14a-eb75-4c47-bba1-51ccf298cc20,主要功能
5e410c9a-9dcf-414b-94fc-4bf1285643de,"<div>人工智能建模和自动绘图 </div> <div><span class=""material-symbols-outlined text-secondary drop_up"">arrow_drop_up</span><span class=""material-symbols-outlined text-secondary drop_down"">arrow_drop_down</span></div>"
33a01b5e-7f6b-4bd1-ad30-e0ffa4ab46d5,利用 NX X Essentials 人工智能预测直接建模和自动 2D 图纸生成功能，简化 3D CAD 建模。人工智能预测建模可即时识别设计意图，非常适用于处理 CAD 数据，或快速生成新概念设计并轻松应对更改请求。工装功能简化了刀轨创建，让设计人员可以轻松为数控和其他机床生成并优化路径，充分减少设置时间和复杂性。
327ccdd2-a070-42a8-bf07-d3cb5782e92d,"<div>通过浏览器访问，不限设备  </div> <div><span class=""material-symbols-outlined text-secondary drop_up"">arrow_drop_up</span><span class=""material-symbols-outlined text-secondary drop_down"">arrow_drop_down</span></div>"
19938aff-e9a9-4672-880d-d59b16589b43,CAD 查看和批注功能适用于所有设备，支持在工程导向型三维空间中对模型进行查看、测量和批注。通过该功能，您可以对模型进行缩放、旋转或检查，并添加注释和评论。所有批注和评论在 NX X Essentials 中都完全可追溯并可随时查看，让项目审查全程可见。通过 NX X Essentials 增强现实 (AR)，您可以使用智能设备在真实环境中预览设计效果。通过基于权限的共享和无限制访客访问权限，您可以与团队成员、同事、合作伙伴和客户进行协作。
6644b23b-fe3a-4b9d-9865-71a66457155a,"<div>计划、执行和跟踪项目和任务  </div> <div><span class=""material-symbols-outlined text-secondary drop_up"">arrow_drop_up</span><span class=""material-symbols-outlined text-secondary drop_down"">arrow_drop_down</span></div>"
5222c8d0-8b15-4b15-b485-7fe270d06264,通过 NX X Essentials 任务管理，您可以设置到期日期、优先级和参考项目文件，高效管理和跟踪交付成果。交互式项目仪表板可对项目和工作状态进行实时监控和跟踪。
4aec5abb-dee2-4937-b891-d10aa16e0830,利用 NX X Essentials 的安全云存储和数据管理，实现供应链整合。通过基于权限的共享和无限制访客访问权限，您可以与团队成员、同事、合作伙伴和客户进行协作。安全的在线项目存储提供多用户覆盖保护、500 GB 基本存储空间以及可选的额外存储空间，所有这些都基于单一数据源运行。无论您的设计团队身在何处，都能在云端同步更改，实现实时更新和即时协作。
f95893aa-a054-4142-9298-bd9a2e6402b3,"<div>查看、批注和编辑 CAD 模型 </div> <div><span class=""material-symbols-outlined text-secondary drop_up"">arrow_drop_up</span><span class=""material-symbols-outlined text-secondary drop_down"">arrow_drop_down</span></div>"
f4ed30a2-fd95-4dc6-905c-78f2a8e4fc9f,CAD 查看和批注功能适用于所有设备，支持在工程导向型三维空间中对模型进行查看、测量和批注。通过该功能，您可以对模型进行缩放、旋转或检查，并添加注释和评论。所有批注和评论在 NX X Essentials 中都完全可追溯并可随时查看，让项目审查全程可见。通过增强现实 (AR)，您可以使用智能设备在真实环境中预览设计效果。
914090f0-ce43-400c-96d8-ea36df68cac5,"<div>集成式 CAM 和仿真工具  </div> <div><span class=""material-symbols-outlined text-secondary drop_up"">arrow_drop_up</span><span class=""material-symbols-outlined text-secondary drop_down"">arrow_drop_down</span></div>"
fc1ddee4-da53-4933-b016-d1e19098b6bd,NX X Essentials 制造功能可自动执行 2.5 轴 CAM 工序，包括面加工、腔加工、轮廓铣、开槽、钻孔、攻丝、倒斜角和镗孔。设置定制包括控制器选择、自定义刀具创建，以及刀具路径仿真，确保产品符合精确规格。
48c834d0-6e21-47af-83a0-e6df88ac8eac,"作为 Siemens NX 授权经销商，我们不仅提供软件，还提供个性化解决方案，可帮助您充分利用 NX X Essentials。我们的服务包括：<br><br> <ul class=""list-disc ml-8"">     <li><p class=""font-bold"">无缝实施：</p>确保顺利设置、迁移并与您的现有工作流程集成。</li>      <li><p class=""font-bold"">专家培训和支持：</p>提供操作培训、优秀实践和专业技术协助。</li>      <li><p class=""font-bold"">工作流程优化：</p>实现流程自动化、定制 NX 并提高团队工作效率。</li>      <li><p class=""font-bold"">多 CAD 与 PLM 集成：</p>轻松处理其他 CAD 系统和企业工具的文件。</li>      <li><p class=""font-bold"">独家见解和活动：</p>提供各类在线研讨会、培训班和行业专业知识，帮助您保持领先。</li> </ul>"
fb2f4b83-fc50-4a27-bec6-a68acca46bf9,申请演示
dfc3e48e-c5d1-4466-b277-5c3dd787c345,试用基于浏览器的 CAD、CAM 和 CAE 软件
61100e08-0a1b-40b7-9d09-60f0cb3b1bf7,NX X Essentials 面向用户提供计算机辅助设计 (CAD)、制造 (CAM) 和工程设计 (CAE) 功能，随时随地在任意设备上实现。通过灵活的 Web 应用程序获取设计和工程功能，实现即时访问并降低总拥有成本。
0b2277f7-69eb-4331-bc5c-a58c6ff4bc95,开始免费试用
3df020a1-8ed6-47b8-8e59-0a3e911bf927,申请演示
4c2ebb2e-ad9e-47bc-934c-e7ac92c7b845,申请 NX X Essentials 报价
